Domain Code,Domain,Area Code (M49),Area,Element Code,Element,Item Code,Item,Year Code,Year,Unit,Value,Flag,Flag Description,Note
MK,Macro Indicators,24,Angola,6110,Value US$,22008,Gross Domestic Product,2016,2016,million USD,101123.83,X,Figure from international organizations,
MK,Macro Indicators,24,Angola,6110,Value US$,22008,Gross Domestic Product,2017,2017,million USD,122123.8586,X,Figure from international organizations,
MK,Macro Indicators,24,Angola,6110,Value US$,22008,Gross Domestic Product,2018,2018,million USD,101353.2117,X,Figure from international organizations,
MK,Macro Indicators,24,Angola,6110,Value US$,22008,Gross Domestic Product,2019,2019,million USD,83136.74358,X,Figure from international organizations,
MK,Macro Indicators,24,Angola,6110,Value US$,22008,Gross Domestic Product,2020,2020,million USD,58506.67832,X,Figure from international organizations,
MK,Macro Indicators,24,Angola,6110,Value US$,22008,Gross Domestic Product,2021,2021,million USD,77901.19695,X,Figure from international organizations,
MK,Macro Indicators,204,Benin,6110,Value US$,22008,Gross Domestic Product,2016,2016,million USD,11821.06585,X,Figure from international organizations,
MK,Macro Indicators,204,Benin,6110,Value US$,22008,Gross Domestic Product,2017,2017,million USD,12701.65585,X,Figure from international organizations,
MK,Macro Indicators,204,Benin,6110,Value US$,22008,Gross Domestic Product,2018,2018,million USD,14262.40808,X,Figure from international organizations,
MK,Macro Indicators,204,Benin,6110,Value US$,22008,Gross Domestic Product,2019,2019,million USD,14391.68631,X,Figure from international organizations,
MK,Macro Indicators,204,Benin,6110,Value US$,22008,Gross Domestic Product,2020,2020,million USD,15686.74189,X,Figure from international organizations,
MK,Macro Indicators,204,Benin,6110,Value US$,22008,Gross Domestic Product,2021,2021,million USD,17687.62353,X,Figure from international organizations,
MK,Macro Indicators,204,Benin,6110,Value US$,22010,Value Added (Agriculture),2016,2016,million USD,2953.471846,E,Estimated value,
MK,Macro Indicators,204,Benin,6110,Value US$,22073,Gross Output (Agriculture),2016,2016,million USD,4463.317479,E,Estimated value,
MK,Macro Indicators,72,Botswana,6110,Value US$,22008,Gross Domestic Product,2016,2016,million USD,15082.64097,X,Figure from international organizations,
MK,Macro Indicators,72,Botswana,6110,Value US$,22008,Gross Domestic Product,2017,2017,million USD,16105.15335,X,Figure from international organizations,
MK,Macro Indicators,72,Botswana,6110,Value US$,22008,Gross Domestic Product,2018,2018,million USD,17031.94371,X,Figure from international organizations,
MK,Macro Indicators,72,Botswana,6110,Value US$,22008,Gross Domestic Product,2019,2019,million USD,16695.97677,X,Figure from international organizations,
MK,Macro Indicators,72,Botswana,6110,Value US$,22008,Gross Domestic Product,2020,2020,million USD,14930.0185,X,Figure from international organizations,
MK,Macro Indicators,72,Botswana,6110,Value US$,22008,Gross Domestic Product,2021,2021,million USD,17614.8597,X,Figure from international organizations,
MK,Macro Indicators,854,Burkina Faso,6110,Value US$,22008,Gross Domestic Product,2016,2016,million USD,12833.35798,X,Figure from international organizations,
MK,Macro Indicators,854,Burkina Faso,6110,Value US$,22008,Gross Domestic Product,2017,2017,million USD,14106.95735,X,Figure from international organizations,
MK,Macro Indicators,854,Burkina Faso,6110,Value US$,22008,Gross Domestic Product,2018,2018,million USD,15890.06621,X,Figure from international organizations,
MK,Macro Indicators,854,Burkina Faso,6110,Value US$,22008,Gross Domestic Product,2019,2019,million USD,16178.16167,X,Figure from international organizations,
MK,Macro Indicators,854,Burkina Faso,6110,Value US$,22008,Gross Domestic Product,2020,2020,million USD,17933.60621,X,Figure from international organizations,
MK,Macro Indicators,854,Burkina Faso,6110,Value US$,22008,Gross Domestic Product,2021,2021,million USD,19737.616,X,Figure from international organizations,
MK,Macro Indicators,854,Burkina Faso,6110,Value US$,22010,Value Added (Agriculture),2016,2016,million USD,2520.934601,E,Estimated value,
MK,Macro Indicators,854,Burkina Faso,6110,Value US$,22010,Value Added (Agriculture),2017,2017,million USD,2616.520003,E,Estimated value,
MK,Macro Indicators,854,Burkina Faso,6110,Value US$,22010,Value Added (Agriculture),2018,2018,million USD,3017.446551,E,Estimated value,
MK,Macro Indicators,854,Burkina Faso,6110,Value US$,22010,Value Added (Agriculture),2019,2019,million USD,2651.678846,E,Estimated value,
MK,Macro Indicators,854,Burkina Faso,6110,Value US$,22010,Value Added (Agriculture),2020,2020,million USD,2979.12148,E,Estimated value,
MK,Macro Indicators,854,Burkina Faso,6110,Value US$,22010,Value Added (Agriculture),2021,2021,million USD,3100.441455,E,Estimated value,
MK,Macro Indicators,854,Burkina Faso,6110,Value US$,22073,Gross Output (Agriculture),2016,2016,million USD,3747.534521,E,Estimated value,
MK,Macro Indicators,854,Burkina Faso,6110,Value US$,22073,Gross Output (Agriculture),2017,2017,million USD,3767.509809,E,Estimated value,
MK,Macro Indicators,854,Burkina Faso,6110,Value US$,22073,Gross Output (Agriculture),2018,2018,million USD,4302.940389,E,Estimated value,
MK,Macro Indicators,854,Burkina Faso,6110,Value US$,22073,Gross Output (Agriculture),2019,2019,million USD,3849.882912,E,Estimated value,
MK,Macro Indicators,854,Burkina Faso,6110,Value US$,22073,Gross Output (Agriculture),2020,2020,million USD,4288.084309,E,Estimated value,
MK,Macro Indicators,854,Burkina Faso,6110,Value US$,22073,Gross Output (Agriculture),2021,2021,million USD,4609.950944,E,Estimated value,
MK,Macro Indicators,108,Burundi,6110,Value US$,22008,Gross Domestic Product,2016,2016,million USD,2930.086948,X,Figure from international organizations,
MK,Macro Indicators,108,Burundi,6110,Value US$,22008,Gross Domestic Product,2017,2017,million USD,3297.826848,X,Figure from international organizations,
MK,Macro Indicators,108,Burundi,6110,Value US$,22008,Gross Domestic Product,2018,2018,million USD,3317.319375,X,Figure from international organizations,
MK,Macro Indicators,108,Burundi,6110,Value US$,22008,Gross Domestic Product,2019,2019,million USD,3368.533752,X,Figure from international organizations,
MK,Macro Indicators,108,Burundi,6110,Value US$,22008,Gross Domestic Product,2020,2020,million USD,3615.133759,X,Figure from international organizations,
MK,Macro Indicators,108,Burundi,6110,Value US$,22008,Gross Domestic Product,2021,2021,million USD,3899.747783,X,Figure from international organizations,
MK,Macro Indicators,132,Cabo Verde,6110,Value US$,22008,Gross Domestic Product,2016,2016,million USD,1663.011131,X,Figure from international organizations,
MK,Macro Indicators,132,Cabo Verde,6110,Value US$,22008,Gross Domestic Product,2017,2017,million USD,1769.786532,X,Figure from international organizations,
MK,Macro Indicators,132,Cabo Verde,6110,Value US$,22008,Gross Domestic Product,2018,2018,million USD,1966.501562,X,Figure from international organizations,
MK,Macro Indicators,132,Cabo Verde,6110,Value US$,22008,Gross Domestic Product,2019,2019,million USD,1981.846171,X,Figure from international organizations,
MK,Macro Indicators,132,Cabo Verde,6110,Value US$,22008,Gross Domestic Product,2020,2020,million USD,1703.697924,X,Figure from international organizations,
MK,Macro Indicators,132,Cabo Verde,6110,Value US$,22008,Gross Domestic Product,2021,2021,million USD,1936.174201,X,Figure from international organizations,
MK,Macro Indicators,120,Cameroon,6110,Value US$,22008,Gross Domestic Product,2016,2016,million USD,33814.33704,X,Figure from international organizations,
MK,Macro Indicators,120,Cameroon,6110,Value US$,22008,Gross Domestic Product,2017,2017,million USD,36098.54706,X,Figure from international organizations,
MK,Macro Indicators,120,Cameroon,6110,Value US$,22008,Gross Domestic Product,2018,2018,million USD,39973.84206,X,Figure from international organizations,
MK,Macro Indicators,120,Cameroon,6110,Value US$,22008,Gross Domestic Product,2019,2019,million USD,39670.97644,X,Figure from international organizations,
MK,Macro Indicators,120,Cameroon,6110,Value US$,22008,Gross Domestic Product,2020,2020,million USD,40804.44941,X,Figure from international organizations,
MK,Macro Indicators,120,Cameroon,6110,Value US$,22008,Gross Domestic Product,2021,2021,million USD,45367.64904,X,Figure from international organizations,
MK,Macro Indicators,120,Cameroon,6110,Value US$,22010,Value Added (Agriculture),2016,2016,million USD,4068.851085,E,Estimated value,
MK,Macro Indicators,120,Cameroon,6110,Value US$,22010,Value Added (Agriculture),2017,2017,million USD,4158.780556,E,Estimated value,
MK,Macro Indicators,120,Cameroon,6110,Value US$,22010,Value Added (Agriculture),2018,2018,million USD,4589.311826,E,Estimated value,
MK,Macro Indicators,120,Cameroon,6110,Value US$,22010,Value Added (Agriculture),2019,2019,million USD,4587.915126,E,Estimated value,
MK,Macro Indicators,120,Cameroon,6110,Value US$,22010,Value Added (Agriculture),2020,2020,million USD,4928.886348,E,Estimated value,
MK,Macro Indicators,120,Cameroon,6110,Value US$,22073,Gross Output (Agriculture),2016,2016,million USD,5106.696466,E,Estimated value,
MK,Macro Indicators,120,Cameroon,6110,Value US$,22073,Gross Output (Agriculture),2017,2017,million USD,5218.997286,E,Estimated value,
MK,Macro Indicators,120,Cameroon,6110,Value US$,22073,Gross Output (Agriculture),2018,2018,million USD,5753.998341,E,Estimated value,
MK,Macro Indicators,120,Cameroon,6110,Value US$,22073,Gross Output (Agriculture),2019,2019,million USD,5740.660142,E,Estimated value,
MK,Macro Indicators,120,Cameroon,6110,Value US$,22073,Gross Output (Agriculture),2020,2020,million USD,6131.549364,E,Estimated value,
MK,Macro Indicators,140,Central African Republic,6110,Value US$,22008,Gross Domestic Product,2016,2016,million USD,1825.018853,X,Figure from international organizations,
MK,Macro Indicators,140,Central African Republic,6110,Value US$,22008,Gross Domestic Product,2017,2017,million USD,2072.349974,X,Figure from international organizations,
MK,Macro Indicators,140,Central African Republic,6110,Value US$,22008,Gross Domestic Product,2018,2018,million USD,2220.978586,X,Figure from international organizations,
MK,Macro Indicators,140,Central African Republic,6110,Value US$,22008,Gross Domestic Product,2019,2019,million USD,2221.257282,X,Figure from international organizations,
MK,Macro Indicators,140,Central African Republic,6110,Value US$,22008,Gross Domestic Product,2020,2020,million USD,2325.331464,X,Figure from international organizations,
MK,Macro Indicators,140,Central African Republic,6110,Value US$,22008,Gross Domestic Product,2021,2021,million USD,2517.718099,X,Figure from international organizations,
MK,Macro Indicators,148,Chad,6110,Value US$,22008,Gross Domestic Product,2016,2016,million USD,13071.61536,X,Figure from international organizations,
MK,Macro Indicators,148,Chad,6110,Value US$,22008,Gross Domestic Product,2017,2017,million USD,13349.04142,X,Figure from international organizations,
MK,Macro Indicators,148,Chad,6110,Value US$,22008,Gross Domestic Product,2018,2018,million USD,15362.28717,X,Figure from international organizations,
MK,Macro Indicators,148,Chad,6110,Value US$,22008,Gross Domestic Product,2019,2019,million USD,15299.39984,X,Figure from international organizations,
MK,Macro Indicators,148,Chad,6110,Value US$,22008,Gross Domestic Product,2020,2020,million USD,14909.55694,X,Figure from international organizations,
MK,Macro Indicators,148,Chad,6110,Value US$,22008,Gross Domestic Product,2021,2021,million USD,16409.56663,X,Figure from international organizations,
MK,Macro Indicators,148,Chad,6110,Value US$,22010,Value Added (Agriculture),2017,2017,million USD,4356.656496,E,Estimated value,
MK,Macro Indicators,148,Chad,6110,Value US$,22010,Value Added (Agriculture),2018,2018,million USD,4900.394914,E,Estimated value,
MK,Macro Indicators,148,Chad,6110,Value US$,22073,Gross Output (Agriculture),2017,2017,million USD,4887.104132,E,Estimated value,
MK,Macro Indicators,148,Chad,6110,Value US$,22073,Gross Output (Agriculture),2018,2018,million USD,5416.826329,E,Estimated value,
MK,Macro Indicators,174,Comoros,6110,Value US$,22008,Gross Domestic Product,2016,2016,million USD,1012.147429,X,Figure from international organizations,
MK,Macro Indicators,174,Comoros,6110,Value US$,22008,Gross Domestic Product,2017,2017,million USD,1077.439756,X,Figure from international organizations,
MK,Macro Indicators,174,Comoros,6110,Value US$,22008,Gross Domestic Product,2018,2018,million USD,1188.79745,X,Figure from international organizations,
MK,Macro Indicators,174,Comoros,6110,Value US$,22008,Gross Domestic Product,2019,2019,million USD,1192.559711,X,Figure from international organizations,
MK,Macro Indicators,174,Comoros,6110,Value US$,22008,Gross Domestic Product,2020,2020,million USD,1235.400317,X,Figure from international organizations,
MK,Macro Indicators,174,Comoros,6110,Value US$,22008,Gross Domestic Product,2021,2021,million USD,1340.468496,X,Figure from international organizations,
MK,Macro Indicators,178,Congo,6110,Value US$,22008,Gross Domestic Product,2016,2016,million USD,10219.34124,X,Figure from international organizations,
MK,Macro Indicators,178,Congo,6110,Value US$,22008,Gross Domestic Product,2017,2017,million USD,11094.82324,X,Figure from international organizations,
MK,Macro Indicators,178,Congo,6110,Value US$,22008,Gross Domestic Product,2018,2018,million USD,13670.03765,X,Figure from international organizations,
MK,Macro Indicators,178,Congo,6110,Value US$,22008,Gross Domestic Product,2019,2019,million USD,12909.60543,X,Figure from international organizations,
MK,Macro Indicators,178,Congo,6110,Value US$,22008,Gross Domestic Product,2020,2020,million USD,10483.151,X,Figure from international organizations,
MK,Macro Indicators,178,Congo,6110,Value US$,22008,Gross Domestic Product,2021,2021,million USD,12840.62768,X,Figure from international organizations,
MK,Macro Indicators,384,Côte d'Ivoire,6110,Value US$,22008,Gross Domestic Product,2016,2016,million USD,47964.23334,X,Figure from international organizations,
MK,Macro Indicators,384,Côte d'Ivoire,6110,Value US$,22008,Gross Domestic Product,2017,2017,million USD,51588.15431,X,Figure from international organizations,
MK,Macro Indicators,384,Côte d'Ivoire,6110,Value US$,22008,Gross Domestic Product,2018,2018,million USD,58010.9919,X,Figure from international organizations,
MK,Macro Indicators,384,Côte d'Ivoire,6110,Value US$,22008,Gross Domestic Product,2019,2019,million USD,58539.60623,X,Figure from international organizations,
MK,Macro Indicators,384,Côte d'Ivoire,6110,Value US$,22008,Gross Domestic Product,2020,2020,million USD,61348.57898,X,Figure from international organizations,
MK,Macro Indicators,384,Côte d'Ivoire,6110,Value US$,22008,Gross Domestic Product,2021,2021,million USD,69764.83061,X,Figure from international organizations,
MK,Macro Indicators,180,Democratic Republic of the Congo,6110,Value US$,22008,Gross Domestic Product,2016,2016,million USD,40337.5124,X,Figure from international organizations,
MK,Macro Indicators,180,Democratic Republic of the Congo,6110,Value US$,22008,Gross Domestic Product,2017,2017,million USD,37642.4645,X,Figure from international organizations,
MK,Macro Indicators,180,Democratic Republic of the Congo,6110,Value US$,22008,Gross Domestic Product,2018,2018,million USD,47146.00431,X,Figure from international organizations,
MK,Macro Indicators,180,Democratic Republic of the Congo,6110,Value US$,22008,Gross Domestic Product,2019,2019,million USD,47319.63027,X,Figure from international organizations,
MK,Macro Indicators,180,Democratic Republic of the Congo,6110,Value US$,22008,Gross Domestic Product,2020,2020,million USD,45307.65269,X,Figure from international organizations,
MK,Macro Indicators,180,Democratic Republic of the Congo,6110,Value US$,22008,Gross Domestic Product,2021,2021,million USD,52849.91191,X,Figure from international organizations,
MK,Macro Indicators,262,Djibouti,6110,Value US$,22008,Gross Domestic Product,2016,2016,million USD,2618.587757,X,Figure from international organizations,
MK,Macro Indicators,262,Djibouti,6110,Value US$,22008,Gross Domestic Product,2017,2017,million USD,2766.868072,X,Figure from international organizations,
MK,Macro Indicators,262,Djibouti,6110,Value US$,22008,Gross Domestic Product,2018,2018,million USD,2923.362593,X,Figure from international organizations,
MK,Macro Indicators,262,Djibouti,6110,Value US$,22008,Gross Domestic Product,2019,2019,million USD,3166.329057,X,Figure from international organizations,
MK,Macro Indicators,262,Djibouti,6110,Value US$,22008,Gross Domestic Product,2020,2020,million USD,3423.458249,X,Figure from international organizations,
MK,Macro Indicators,262,Djibouti,6110,Value US$,22008,Gross Domestic Product,2021,2021,million USD,3701.419641,X,Figure from international organizations,
MK,Macro Indicators,226,Equatorial Guinea,6110,Value US$,22008,Gross Domestic Product,2016,2016,million USD,11240.81485,X,Figure from international organizations,
MK,Macro Indicators,226,Equatorial Guinea,6110,Value US$,22008,Gross Domestic Product,2017,2017,million USD,12200.90872,X,Figure from international organizations,
MK,Macro Indicators,226,Equatorial Guinea,6110,Value US$,22008,Gross Domestic Product,2018,2018,million USD,13097.01392,X,Figure from international organizations,
MK,Macro Indicators,226,Equatorial Guinea,6110,Value US$,22008,Gross Domestic Product,2019,2019,million USD,11417.27984,X,Figure from international organizations,
MK,Macro Indicators,226,Equatorial Guinea,6110,Value US$,22008,Gross Domestic Product,2020,2020,million USD,10021.85591,X,Figure from international organizations,
MK,Macro Indicators,226,Equatorial Guinea,6110,Value US$,22008,Gross Domestic Product,2021,2021,million USD,12430.85497,X,Figure from international organizations,
MK,Macro Indicators,232,Eritrea,6110,Value US$,22008,Gross Domestic Product,2016,2016,million USD,2173.713029,X,Figure from international organizations,
MK,Macro Indicators,232,Eritrea,6110,Value US$,22008,Gross Domestic Product,2017,2017,million USD,1903.966833,X,Figure from international organizations,
MK,Macro Indicators,232,Eritrea,6110,Value US$,22008,Gross Domestic Product,2018,2018,million USD,2005.658375,X,Figure from international organizations,
MK,Macro Indicators,232,Eritrea,6110,Value US$,22008,Gross Domestic Product,2019,2019,million USD,1981.857048,X,Figure from international organizations,
MK,Macro Indicators,232,Eritrea,6110,Value US$,22008,Gross Domestic Product,2020,2020,million USD,2083.927324,X,Figure from international organizations,
MK,Macro Indicators,232,Eritrea,6110,Value US$,22008,Gross Domestic Product,2021,2021,million USD,2255.389718,X,Figure from international organizations,
MK,Macro Indicators,748,Eswatini,6110,Value US$,22008,Gross Domestic Product,2016,2016,million USD,3816.015732,X,Figure from international organizations,
MK,Macro Indicators,748,Eswatini,6110,Value US$,22008,Gross Domestic Product,2017,2017,million USD,4401.526105,X,Figure from international organizations,
MK,Macro Indicators,748,Eswatini,6110,Value US$,22008,Gross Domestic Product,2018,2018,million USD,4665.138448,X,Figure from international organizations,
MK,Macro Indicators,748,Eswatini,6110,Value US$,22008,Gross Domestic Product,2019,2019,million USD,4495.123011,X,Figure from international organizations,
MK,Macro Indicators,748,Eswatini,6110,Value US$,22008,Gross Domestic Product,2020,2020,million USD,3972.739446,X,Figure from international organizations,
MK,Macro Indicators,748,Eswatini,6110,Value US$,22008,Gross Domestic Product,2021,2021,million USD,4732.011477,X,Figure from international organizations,
MK,Macro Indicators,748,Eswatini,6110,Value US$,22010,Value Added (Agriculture),2016,2016,million USD,300.980902,E,Estimated value,
MK,Macro Indicators,748,Eswatini,6110,Value US$,22010,Value Added (Agriculture),2017,2017,million USD,325.503338,E,Estimated value,
MK,Macro Indicators,748,Eswatini,6110,Value US$,22010,Value Added (Agriculture),2018,2018,million USD,347.722398,E,Estimated value,
MK,Macro Indicators,748,Eswatini,6110,Value US$,22010,Value Added (Agriculture),2019,2019,million USD,328.427274,E,Estimated value,
MK,Macro Indicators,748,Eswatini,6110,Value US$,22010,Value Added (Agriculture),2020,2020,million USD,288.521673,E,Estimated value,
MK,Macro Indicators,748,Eswatini,6110,Value US$,22073,Gross Output (Agriculture),2016,2016,million USD,377.887126,E,Estimated value,
MK,Macro Indicators,748,Eswatini,6110,Value US$,22073,Gross Output (Agriculture),2017,2017,million USD,420.876204,E,Estimated value,
MK,Macro Indicators,748,Eswatini,6110,Value US$,22073,Gross Output (Agriculture),2018,2018,million USD,450.59151,E,Estimated value,
MK,Macro Indicators,748,Eswatini,6110,Value US$,22073,Gross Output (Agriculture),2019,2019,million USD,418.880667,E,Estimated value,
MK,Macro Indicators,748,Eswatini,6110,Value US$,22073,Gross Output (Agriculture),2020,2020,million USD,365.242029,E,Estimated value,
MK,Macro Indicators,231,Ethiopia,6110,Value US$,22008,Gross Domestic Product,2016,2016,million USD,72157.65333,X,Figure from international organizations,
MK,Macro Indicators,231,Ethiopia,6110,Value US$,22008,Gross Domestic Product,2017,2017,million USD,76794.68609,X,Figure from international organizations,
MK,Macro Indicators,231,Ethiopia,6110,Value US$,22008,Gross Domestic Product,2018,2018,million USD,80210.32452,X,Figure from international organizations,
MK,Macro Indicators,231,Ethiopia,6110,Value US$,22008,Gross Domestic Product,2019,2019,million USD,92561.85554,X,Figure from international organizations,
MK,Macro Indicators,231,Ethiopia,6110,Value US$,22008,Gross Domestic Product,2020,2020,million USD,96611.04647,X,Figure from international organizations,
MK,Macro Indicators,231,Ethiopia,6110,Value US$,22008,Gross Domestic Product,2021,2021,million USD,99268.51253,X,Figure from international organizations,
MK,Macro Indicators,266,Gabon,6110,Value US$,22008,Gross Domestic Product,2016,2016,million USD,14023.82932,X,Figure from international organizations,
MK,Macro Indicators,266,Gabon,6110,Value US$,22008,Gross Domestic Product,2017,2017,million USD,14929.64648,X,Figure from international organizations,
MK,Macro Indicators,266,Gabon,6110,Value US$,22008,Gross Domestic Product,2018,2018,million USD,16867.33232,X,Figure from international organizations,
MK,Macro Indicators,266,Gabon,6110,Value US$,22008,Gross Domestic Product,2019,2019,million USD,16874.40546,X,Figure from international organizations,
MK,Macro Indicators,266,Gabon,6110,Value US$,22008,Gross Domestic Product,2020,2020,million USD,15316.91169,X,Figure from international organizations,
MK,Macro Indicators,266,Gabon,6110,Value US$,22008,Gross Domestic Product,2021,2021,million USD,18520.70672,X,Figure from international organizations,
MK,Macro Indicators,270,Gambia,6110,Value US$,22008,Gross Domestic Product,2016,2016,million USD,1467.253905,X,Figure from international organizations,
MK,Macro Indicators,270,Gambia,6110,Value US$,22008,Gross Domestic Product,2017,2017,million USD,1504.954335,X,Figure from international organizations,
MK,Macro Indicators,270,Gambia,6110,Value US$,22008,Gross Domestic Product,2018,2018,million USD,1670.686436,X,Figure from international organizations,
MK,Macro Indicators,270,Gambia,6110,Value US$,22008,Gross Domestic Product,2019,2019,million USD,1813.609678,X,Figure from international organizations,
MK,Macro Indicators,270,Gambia,6110,Value US$,22008,Gross Domestic Product,2020,2020,million USD,1812.170879,X,Figure from international organizations,
MK,Macro Indicators,270,Gambia,6110,Value US$,22008,Gross Domestic Product,2021,2021,million USD,2038.414974,X,Figure from international organizations,
MK,Macro Indicators,270,Gambia,6110,Value US$,22010,Value Added (Agriculture),2016,2016,million USD,229.868616,E,Estimated value,
MK,Macro Indicators,270,Gambia,6110,Value US$,22010,Value Added (Agriculture),2017,2017,million USD,203.026219,E,Estimated value,
MK,Macro Indicators,270,Gambia,6110,Value US$,22010,Value Added (Agriculture),2018,2018,million USD,198.21876,E,Estimated value,
MK,Macro Indicators,270,Gambia,6110,Value US$,22010,Value Added (Agriculture),2019,2019,million USD,186.36471,E,Estimated value,
MK,Macro Indicators,270,Gambia,6110,Value US$,22010,Value Added (Agriculture),2020,2020,million USD,203.195351,E,Estimated value,
MK,Macro Indicators,270,Gambia,6110,Value US$,22010,Value Added (Agriculture),2021,2021,million USD,224.661333,E,Estimated value,
MK,Macro Indicators,270,Gambia,6110,Value US$,22073,Gross Output (Agriculture),2016,2016,million USD,254.893321,E,Estimated value,
MK,Macro Indicators,270,Gambia,6110,Value US$,22073,Gross Output (Agriculture),2017,2017,million USD,227.761494,E,Estimated value,
MK,Macro Indicators,270,Gambia,6110,Value US$,22073,Gross Output (Agriculture),2018,2018,million USD,223.246098,E,Estimated value,
MK,Macro Indicators,270,Gambia,6110,Value US$,22073,Gross Output (Agriculture),2019,2019,million USD,210.537699,E,Estimated value,
MK,Macro Indicators,270,Gambia,6110,Value US$,22073,Gross Output (Agriculture),2020,2020,million USD,229.386137,E,Estimated value,
MK,Macro Indicators,270,Gambia,6110,Value US$,22073,Gross Output (Agriculture),2021,2021,million USD,251.780802,E,Estimated value,
MK,Macro Indicators,288,Ghana,6110,Value US$,22008,Gross Domestic Product,2016,2016,million USD,56165.1729,X,Figure from international organizations,
MK,Macro Indicators,288,Ghana,6110,Value US$,22008,Gross Domestic Product,2017,2017,million USD,60403.02757,X,Figure from international organizations,
MK,Macro Indicators,288,Ghana,6110,Value US$,22008,Gross Domestic Product,2018,2018,million USD,67277.02764,X,Figure from international organizations,
MK,Macro Indicators,288,Ghana,6110,Value US$,22008,Gross Domestic Product,2019,2019,million USD,68353.47745,X,Figure from international organizations,
MK,Macro Indicators,288,Ghana,6110,Value US$,22008,Gross Domestic Product,2020,2020,million USD,70043.0955,X,Figure from international organizations,
MK,Macro Indicators,288,Ghana,6110,Value US$,22008,Gross Domestic Product,2021,2021,million USD,79082.78443,X,Figure from international organizations,
MK,Macro Indicators,324,Guinea,6110,Value US$,22008,Gross Domestic Product,2016,2016,million USD,8603.833168,X,Figure from international organizations,
MK,Macro Indicators,324,Guinea,6110,Value US$,22008,Gross Domestic Product,2017,2017,million USD,10324.66826,X,Figure from international organizations,
MK,Macro Indicators,324,Guinea,6110,Value US$,22008,Gross Domestic Product,2018,2018,million USD,11857.03036,X,Figure from international organizations,
MK,Macro Indicators,324,Guinea,6110,Value US$,22008,Gross Domestic Product,2019,2019,million USD,13442.8615,X,Figure from international organizations,
MK,Macro Indicators,324,Guinea,6110,Value US$,22008,Gross Domestic Product,2020,2020,million USD,14177.77705,X,Figure from international organizations,
MK,Macro Indicators,324,Guinea,6110,Value US$,22008,Gross Domestic Product,2021,2021,million USD,16036.10889,X,Figure from international organizations,
MK,Macro Indicators,624,Guinea-Bissau,6110,Value US$,22008,Gross Domestic Product,2016,2016,million USD,1179.004191,X,Figure from international organizations,
MK,Macro Indicators,624,Guinea-Bissau,6110,Value US$,22008,Gross Domestic Product,2017,2017,million USD,1350.177012,X,Figure from international organizations,
MK,Macro Indicators,624,Guinea-Bissau,6110,Value US$,22008,Gross Domestic Product,2018,2018,million USD,1427.473462,X,Figure from international organizations,
MK,Macro Indicators,624,Guinea-Bissau,6110,Value US$,22008,Gross Domestic Product,2019,2019,million USD,1365.329762,X,Figure from international organizations,
MK,Macro Indicators,624,Guinea-Bissau,6110,Value US$,22008,Gross Domestic Product,2020,2020,million USD,1396.56203,X,Figure from international organizations,
MK,Macro Indicators,624,Guinea-Bissau,6110,Value US$,22008,Gross Domestic Product,2021,2021,million USD,1563.164283,X,Figure from international organizations,
MK,Macro Indicators,404,Kenya,6110,Value US$,22008,Gross Domestic Product,2016,2016,million USD,74815.1438,X,Figure from international organizations,
MK,Macro Indicators,404,Kenya,6110,Value US$,22008,Gross Domestic Product,2017,2017,million USD,82064.79841,X,Figure from international organizations,
MK,Macro Indicators,404,Kenya,6110,Value US$,22008,Gross Domestic Product,2018,2018,million USD,92202.97994,X,Figure from international organizations,
MK,Macro Indicators,404,Kenya,6110,Value US$,22008,Gross Domestic Product,2019,2019,million USD,100554.2057,X,Figure from international organizations,
MK,Macro Indicators,404,Kenya,6110,Value US$,22008,Gross Domestic Product,2020,2020,million USD,101013.7454,X,Figure from international organizations,
MK,Macro Indicators,404,Kenya,6110,Value US$,22008,Gross Domestic Product,2021,2021,million USD,110557.875,X,Figure from international organizations,
MK,Macro Indicators,404,Kenya,6110,Value US$,22010,Value Added (Agriculture),2016,2016,million USD,13755.83037,E,Estimated value,
MK,Macro Indicators,404,Kenya,6110,Value US$,22010,Value Added (Agriculture),2017,2017,million USD,15735.14248,E,Estimated value,
MK,Macro Indicators,404,Kenya,6110,Value US$,22010,Value Added (Agriculture),2018,2018,million USD,16983.5636,E,Estimated value,
MK,Macro Indicators,404,Kenya,6110,Value US$,22010,Value Added (Agriculture),2019,2019,million USD,19152.09715,E,Estimated value,
MK,Macro Indicators,404,Kenya,6110,Value US$,22010,Value Added (Agriculture),2020,2020,million USD,21014.0452,E,Estimated value,
MK,Macro Indicators,404,Kenya,6110,Value US$,22010,Value Added (Agriculture),2021,2021,million USD,21595.34126,E,Estimated value,
MK,Macro Indicators,404,Kenya,6110,Value US$,22073,Gross Output (Agriculture),2016,2016,million USD,16890.02689,E,Estimated value,
MK,Macro Indicators,404,Kenya,6110,Value US$,22073,Gross Output (Agriculture),2017,2017,million USD,19269.77219,E,Estimated value,
MK,Macro Indicators,404,Kenya,6110,Value US$,22073,Gross Output (Agriculture),2018,2018,million USD,20722.94234,E,Estimated value,
MK,Macro Indicators,404,Kenya,6110,Value US$,22073,Gross Output (Agriculture),2019,2019,million USD,23302.29645,E,Estimated value,
MK,Macro Indicators,404,Kenya,6110,Value US$,22073,Gross Output (Agriculture),2020,2020,million USD,25573.08965,E,Estimated value,
MK,Macro Indicators,404,Kenya,6110,Value US$,22073,Gross Output (Agriculture),2021,2021,million USD,26478.11296,E,Estimated value,
MK,Macro Indicators,426,Lesotho,6110,Value US$,22008,Gross Domestic Product,2016,2016,million USD,2114.42647,X,Figure from international organizations,
MK,Macro Indicators,426,Lesotho,6110,Value US$,22008,Gross Domestic Product,2017,2017,million USD,2305.01501,X,Figure from international organizations,
MK,Macro Indicators,426,Lesotho,6110,Value US$,22008,Gross Domestic Product,2018,2018,million USD,2554.898765,X,Figure from international organizations,
MK,Macro Indicators,426,Lesotho,6110,Value US$,22008,Gross Domestic Product,2019,2019,million USD,2435.462926,X,Figure from international organizations,
MK,Macro Indicators,426,Lesotho,6110,Value US$,22008,Gross Domestic Product,2020,2020,million USD,2115.92615,X,Figure from international organizations,
MK,Macro Indicators,426,Lesotho,6110,Value US$,22008,Gross Domestic Product,2021,2021,million USD,2373.416386,X,Figure from international organizations,
MK,Macro Indicators,426,Lesotho,6110,Value US$,22010,Value Added (Agriculture),2016,2016,million USD,99.377796,E,Estimated value,
MK,Macro Indicators,426,Lesotho,6110,Value US$,22010,Value Added (Agriculture),2017,2017,million USD,107.889413,E,Estimated value,
MK,Macro Indicators,426,Lesotho,6110,Value US$,22010,Value Added (Agriculture),2018,2018,million USD,101.428858,E,Estimated value,
MK,Macro Indicators,426,Lesotho,6110,Value US$,22010,Value Added (Agriculture),2019,2019,million USD,100.147506,E,Estimated value,
MK,Macro Indicators,426,Lesotho,6110,Value US$,22010,Value Added (Agriculture),2020,2020,million USD,101.635499,E,Estimated value,
MK,Macro Indicators,426,Lesotho,6110,Value US$,22073,Gross Output (Agriculture),2016,2016,million USD,116.118636,E,Estimated value,
MK,Macro Indicators,426,Lesotho,6110,Value US$,22073,Gross Output (Agriculture),2017,2017,million USD,127.467032,E,Estimated value,
MK,Macro Indicators,426,Lesotho,6110,Value US$,22073,Gross Output (Agriculture),2018,2018,million USD,114.761021,E,Estimated value,
MK,Macro Indicators,426,Lesotho,6110,Value US$,22073,Gross Output (Agriculture),2019,2019,million USD,113.972717,E,Estimated value,
MK,Macro Indicators,426,Lesotho,6110,Value US$,22073,Gross Output (Agriculture),2020,2020,million USD,115.330157,E,Estimated value,
MK,Macro Indicators,430,Liberia,6110,Value US$,22008,Gross Domestic Product,2016,2016,million USD,2757.0,X,Figure from international organizations,
MK,Macro Indicators,430,Liberia,6110,Value US$,22008,Gross Domestic Product,2017,2017,million USD,2763.0,X,Figure from international organizations,
MK,Macro Indicators,430,Liberia,6110,Value US$,22008,Gross Domestic Product,2018,2018,million USD,2744.956787,X,Figure from international organizations,
MK,Macro Indicators,430,Liberia,6110,Value US$,22008,Gross Domestic Product,2019,2019,million USD,2582.242493,X,Figure from international organizations,
MK,Macro Indicators,430,Liberia,6110,Value US$,22008,Gross Domestic Product,2020,2020,million USD,2480.889253,X,Figure from international organizations,
MK,Macro Indicators,430,Liberia,6110,Value US$,22008,Gross Domestic Product,2021,2021,million USD,2444.888955,X,Figure from international organizations,
MK,Macro Indicators,450,Madagascar,6110,Value US$,22008,Gross Domestic Product,2016,2016,million USD,11848.61386,X,Figure from international organizations,
MK,Macro Indicators,450,Madagascar,6110,Value US$,22008,Gross Domestic Product,2017,2017,million USD,13176.31359,X,Figure from international organizations,
MK,Macro Indicators,450,Madagascar,6110,Value US$,22008,Gross Domestic Product,2018,2018,million USD,13760.03328,X,Figure from international organizations,
MK,Macro Indicators,450,Madagascar,6110,Value US$,22008,Gross Domestic Product,2019,2019,million USD,14104.66468,X,Figure from international organizations,
MK,Macro Indicators,450,Madagascar,6110,Value US$,22008,Gross Domestic Product,2020,2020,million USD,13056.08013,X,Figure from international organizations,
MK,Macro Indicators,450,Madagascar,6110,Value US$,22008,Gross Domestic Product,2021,2021,million USD,14449.7933,X,Figure from international organizations,
MK,Macro Indicators,454,Malawi,6110,Value US$,22008,Gross Domestic Product,2016,2016,million USD,7123.811133,X,Figure from international organizations,
MK,Macro Indicators,454,Malawi,6110,Value US$,22008,Gross Domestic Product,2017,2017,million USD,8943.543794,X,Figure from international organizations,
MK,Macro Indicators,454,Malawi,6110,Value US$,22008,Gross Domestic Product,2018,2018,million USD,9877.060547,X,Figure from international organizations,
MK,Macro Indicators,454,Malawi,6110,Value US$,22008,Gross Domestic Product,2019,2019,million USD,11032.14191,X,Figure from international organizations,
MK,Macro Indicators,454,Malawi,6110,Value US$,22008,Gross Domestic Product,2020,2020,million USD,11762.38776,X,Figure from international organizations,
MK,Macro Indicators,454,Malawi,6110,Value US$,22008,Gross Domestic Product,2021,2021,million USD,12199.19524,X,Figure from international organizations,
MK,Macro Indicators,466,Mali,6110,Value US$,22008,Gross Domestic Product,2016,2016,million USD,14026.04833,X,Figure from international organizations,
MK,Macro Indicators,466,Mali,6110,Value US$,22008,Gross Domestic Product,2017,2017,million USD,15365.71306,X,Figure from international organizations,
MK,Macro Indicators,466,Mali,6110,Value US$,22008,Gross Domestic Product,2018,2018,million USD,17070.86758,X,Figure from international organizations,
MK,Macro Indicators,466,Mali,6110,Value US$,22008,Gross Domestic Product,2019,2019,million USD,17280.25081,X,Figure from international organizations,
MK,Macro Indicators,466,Mali,6110,Value US$,22008,Gross Domestic Product,2020,2020,million USD,17465.39278,X,Figure from international organizations,
MK,Macro Indicators,466,Mali,6110,Value US$,22008,Gross Domestic Product,2021,2021,million USD,19157.05577,X,Figure from international organizations,
MK,Macro Indicators,478,Mauritania,6110,Value US$,22008,Gross Domestic Product,2016,2016,million USD,6398.747532,X,Figure from international organizations,
MK,Macro Indicators,478,Mauritania,6110,Value US$,22008,Gross Domestic Product,2017,2017,million USD,6800.135962,X,Figure from international organizations,
MK,Macro Indicators,478,Mauritania,6110,Value US$,22008,Gross Domestic Product,2018,2018,million USD,7473.550557,X,Figure from international organizations,
MK,Macro Indicators,478,Mauritania,6110,Value US$,22008,Gross Domestic Product,2019,2019,million USD,8066.118985,X,Figure from international organizations,
MK,Macro Indicators,478,Mauritania,6110,Value US$,22008,Gross Domestic Product,2020,2020,million USD,8405.498735,X,Figure from international organizations,
MK,Macro Indicators,478,Mauritania,6110,Value US$,22008,Gross Domestic Product,2021,2021,million USD,9996.240419,X,Figure from international organizations,
MK,Macro Indicators,480,Mauritius,6110,Value US$,22008,Gross Domestic Product,2016,2016,million USD,12594.15535,X,Figure from international organizations,
MK,Macro Indicators,480,Mauritius,6110,Value US$,22008,Gross Domestic Product,2017,2017,million USD,13713.506,X,Figure from international organizations,
MK,Macro Indicators,480,Mauritius,6110,Value US$,22008,Gross Domestic Product,2018,2018,million USD,14735.67422,X,Figure from international organizations,
MK,Macro Indicators,480,Mauritius,6110,Value US$,22008,Gross Domestic Product,2019,2019,million USD,14433.04888,X,Figure from international organizations,
MK,Macro Indicators,480,Mauritius,6110,Value US$,22008,Gross Domestic Product,2020,2020,million USD,11398.47409,X,Figure from international organizations,
MK,Macro Indicators,480,Mauritius,6110,Value US$,22008,Gross Domestic Product,2021,2021,million USD,11525.21979,X,Figure from international organizations,
MK,Macro Indicators,508,Mozambique,6110,Value US$,22008,Gross Domestic Product,2016,2016,million USD,11936.99309,X,Figure from international organizations,
MK,Macro Indicators,508,Mozambique,6110,Value US$,22008,Gross Domestic Product,2017,2017,million USD,13219.0795,X,Figure from international organizations,
MK,Macro Indicators,508,Mozambique,6110,Value US$,22008,Gross Domestic Product,2018,2018,million USD,14845.40059,X,Figure from international organizations,
MK,Macro Indicators,508,Mozambique,6110,Value US$,22008,Gross Domestic Product,2019,2019,million USD,15390.03104,X,Figure from international organizations,
MK,Macro Indicators,508,Mozambique,6110,Value US$,22008,Gross Domestic Product,2020,2020,million USD,14156.86492,X,Figure from international organizations,
MK,Macro Indicators,508,Mozambique,6110,Value US$,22008,Gross Domestic Product,2021,2021,million USD,15776.75863,X,Figure from international organizations,
MK,Macro Indicators,508,Mozambique,6110,Value US$,22010,Value Added (Agriculture),2016,2016,million USD,2413.257974,E,Estimated value,
MK,Macro Indicators,508,Mozambique,6110,Value US$,22010,Value Added (Agriculture),2017,2017,million USD,2961.640605,E,Estimated value,
MK,Macro Indicators,508,Mozambique,6110,Value US$,22010,Value Added (Agriculture),2018,2018,million USD,3276.155292,E,Estimated value,
MK,Macro Indicators,508,Mozambique,6110,Value US$,22010,Value Added (Agriculture),2019,2019,million USD,3344.203644,E,Estimated value,
MK,Macro Indicators,508,Mozambique,6110,Value US$,22010,Value Added (Agriculture),2020,2020,million USD,3307.646035,E,Estimated value,
MK,Macro Indicators,508,Mozambique,6110,Value US$,22010,Value Added (Agriculture),2021,2021,million USD,3920.052755,E,Estimated value,
MK,Macro Indicators,508,Mozambique,6110,Value US$,22073,Gross Output (Agriculture),2016,2016,million USD,3056.29513,E,Estimated value,
MK,Macro Indicators,508,Mozambique,6110,Value US$,22073,Gross Output (Agriculture),2017,2017,million USD,3573.885717,E,Estimated value,
MK,Macro Indicators,508,Mozambique,6110,Value US$,22073,Gross Output (Agriculture),2018,2018,million USD,3703.480014,E,Estimated value,
MK,Macro Indicators,508,Mozambique,6110,Value US$,22073,Gross Output (Agriculture),2019,2019,million USD,3978.90395,E,Estimated value,
MK,Macro Indicators,508,Mozambique,6110,Value US$,22073,Gross Output (Agriculture),2020,2020,million USD,4047.960472,E,Estimated value,
MK,Macro Indicators,508,Mozambique,6110,Value US$,22073,Gross Output (Agriculture),2021,2021,million USD,5158.86253,E,Estimated value,
MK,Macro Indicators,516,Namibia,6110,Value US$,22008,Gross Domestic Product,2016,2016,million USD,10722.01874,X,Figure from international organizations,
MK,Macro Indicators,516,Namibia,6110,Value US$,22008,Gross Domestic Product,2017,2017,million USD,12887.50127,X,Figure from international organizations,
MK,Macro Indicators,516,Namibia,6110,Value US$,22008,Gross Domestic Product,2018,2018,million USD,13682.01942,X,Figure from international organizations,
MK,Macro Indicators,516,Namibia,6110,Value US$,22008,Gross Domestic Product,2019,2019,million USD,12542.9512,X,Figure from international organizations,
MK,Macro Indicators,516,Namibia,6110,Value US$,22008,Gross Domestic Product,2020,2020,million USD,10562.65919,X,Figure from international organizations,
MK,Macro Indicators,516,Namibia,6110,Value US$,22008,Gross Domestic Product,2021,2021,million USD,12236.25109,X,Figure from international organizations,
MK,Macro Indicators,562,Niger,6110,Value US$,22008,Gross Domestic Product,2016,2016,million USD,10398.86367,X,Figure from international organizations,
MK,Macro Indicators,562,Niger,6110,Value US$,22008,Gross Domestic Product,2017,2017,million USD,11185.10596,X,Figure from international organizations,
MK,Macro Indicators,562,Niger,6110,Value US$,22008,Gross Domestic Product,2018,2018,million USD,12808.66263,X,Figure from international organizations,
MK,Macro Indicators,562,Niger,6110,Value US$,22008,Gross Domestic Product,2019,2019,million USD,12916.46017,X,Figure from international organizations,
MK,Macro Indicators,562,Niger,6110,Value US$,22008,Gross Domestic Product,2020,2020,million USD,13744.17458,X,Figure from international organizations,
MK,Macro Indicators,562,Niger,6110,Value US$,22008,Gross Domestic Product,2021,2021,million USD,14915.00199,X,Figure from international organizations,
MK,Macro Indicators,562,Niger,6110,Value US$,22010,Value Added (Agriculture),2016,2016,million USD,3342.248115,E,Estimated value,
MK,Macro Indicators,562,Niger,6110,Value US$,22010,Value Added (Agriculture),2017,2017,million USD,3662.121766,E,Estimated value,
MK,Macro Indicators,562,Niger,6110,Value US$,22010,Value Added (Agriculture),2018,2018,million USD,4465.380208,E,Estimated value,
MK,Macro Indicators,562,Niger,6110,Value US$,22010,Value Added (Agriculture),2019,2019,million USD,4409.535272,E,Estimated value,
MK,Macro Indicators,562,Niger,6110,Value US$,22073,Gross Output (Agriculture),2016,2016,million USD,3722.946499,E,Estimated value,
MK,Macro Indicators,562,Niger,6110,Value US$,22073,Gross Output (Agriculture),2017,2017,million USD,4127.645218,E,Estimated value,
MK,Macro Indicators,562,Niger,6110,Value US$,22073,Gross Output (Agriculture),2018,2018,million USD,4948.086126,E,Estimated value,
MK,Macro Indicators,562,Niger,6110,Value US$,22073,Gross Output (Agriculture),2019,2019,million USD,4877.097653,E,Estimated value,
MK,Macro Indicators,566,Nigeria,6110,Value US$,22008,Gross Domestic Product,2016,2016,million USD,404649.1254,X,Figure from international organizations,
MK,Macro Indicators,566,Nigeria,6110,Value US$,22008,Gross Domestic Product,2017,2017,million USD,375744.658,X,Figure from international organizations,
MK,Macro Indicators,566,Nigeria,6110,Value US$,22008,Gross Domestic Product,2018,2018,million USD,421737.2974,X,Figure from international organizations,
MK,Macro Indicators,566,Nigeria,6110,Value US$,22008,Gross Domestic Product,2019,2019,million USD,474516.65,X,Figure from international organizations,
MK,Macro Indicators,566,Nigeria,6110,Value US$,22008,Gross Domestic Product,2020,2020,million USD,429898.7658,X,Figure from international organizations,
MK,Macro Indicators,566,Nigeria,6110,Value US$,22008,Gross Domestic Product,2021,2021,million USD,430923.0122,X,Figure from international organizations,
MK,Macro Indicators,566,Nigeria,6110,Value US$,22010,Value Added (Agriculture),2016,2016,million USD,81891.7024,E,Estimated value,
MK,Macro Indicators,566,Nigeria,6110,Value US$,22010,Value Added (Agriculture),2017,2017,million USD,75445.86104,E,Estimated value,
MK,Macro Indicators,566,Nigeria,6110,Value US$,22010,Value Added (Agriculture),2018,2018,million USD,85781.76927,E,Estimated value,
MK,Macro Indicators,566,Nigeria,6110,Value US$,22010,Value Added (Agriculture),2019,2019,million USD,99067.41129,E,Estimated value,
MK,Macro Indicators,566,Nigeria,6110,Value US$,22010,Value Added (Agriculture),2020,2020,million USD,98377.49911,E,Estimated value,
MK,Macro Indicators,566,Nigeria,6110,Value US$,22010,Value Added (Agriculture),2021,2021,million USD,94465.65811,E,Estimated value,
MK,Macro Indicators,566,Nigeria,6110,Value US$,22073,Gross Output (Agriculture),2016,2016,million USD,111760.8773,E,Estimated value,
MK,Macro Indicators,566,Nigeria,6110,Value US$,22073,Gross Output (Agriculture),2017,2017,million USD,102923.0462,E,Estimated value,
MK,Macro Indicators,566,Nigeria,6110,Value US$,22073,Gross Output (Agriculture),2018,2018,million USD,116949.5215,E,Estimated value,
MK,Macro Indicators,566,Nigeria,6110,Value US$,22073,Gross Output (Agriculture),2019,2019,million USD,134964.7469,E,Estimated value,
MK,Macro Indicators,566,Nigeria,6110,Value US$,22073,Gross Output (Agriculture),2020,2020,million USD,133921.2275,E,Estimated value,
MK,Macro Indicators,566,Nigeria,6110,Value US$,22073,Gross Output (Agriculture),2021,2021,million USD,128576.4648,E,Estimated value,
MK,Macro Indicators,646,Rwanda,6110,Value US$,22008,Gross Domestic Product,2016,2016,million USD,8690.996221,X,Figure from international organizations,
MK,Macro Indicators,646,Rwanda,6110,Value US$,22008,Gross Domestic Product,2017,2017,million USD,9252.814353,X,Figure from international organizations,
MK,Macro Indicators,646,Rwanda,6110,Value US$,22008,Gross Domestic Product,2018,2018,million USD,9642.391734,X,Figure from international organizations,
MK,Macro Indicators,646,Rwanda,6110,Value US$,22008,Gross Domestic Product,2019,2019,million USD,10356.36263,X,Figure from international organizations,
MK,Macro Indicators,646,Rwanda,6110,Value US$,22008,Gross Domestic Product,2020,2020,million USD,10184.69583,X,Figure from international organizations,
MK,Macro Indicators,646,Rwanda,6110,Value US$,22008,Gross Domestic Product,2021,2021,million USD,11069.92251,X,Figure from international organizations,
MK,Macro Indicators,678,Sao Tome and Principe,6110,Value US$,22008,Gross Domestic Product,2016,2016,million USD,347.547473,X,Figure from international organizations,
MK,Macro Indicators,678,Sao Tome and Principe,6110,Value US$,22008,Gross Domestic Product,2017,2017,million USD,378.598871,X,Figure from international organizations,
MK,Macro Indicators,678,Sao Tome and Principe,6110,Value US$,22008,Gross Domestic Product,2018,2018,million USD,415.355831,X,Figure from international organizations,
MK,Macro Indicators,678,Sao Tome and Principe,6110,Value US$,22008,Gross Domestic Product,2019,2019,million USD,430.633136,X,Figure from international organizations,
MK,Macro Indicators,678,Sao Tome and Principe,6110,Value US$,22008,Gross Domestic Product,2020,2020,million USD,476.462168,X,Figure from international organizations,
MK,Macro Indicators,678,Sao Tome and Principe,6110,Value US$,22008,Gross Domestic Product,2021,2021,million USD,554.603297,X,Figure from international organizations,
MK,Macro Indicators,686,Senegal,6110,Value US$,22008,Gross Domestic Product,2016,2016,million USD,19040.31908,X,Figure from international organizations,
MK,Macro Indicators,686,Senegal,6110,Value US$,22008,Gross Domestic Product,2017,2017,million USD,20996.56985,X,Figure from international organizations,
MK,Macro Indicators,686,Senegal,6110,Value US$,22008,Gross Domestic Product,2018,2018,million USD,23116.71954,X,Figure from international organizations,
MK,Macro Indicators,686,Senegal,6110,Value US$,22008,Gross Domestic Product,2019,2019,million USD,23403.99598,X,Figure from international organizations,
MK,Macro Indicators,686,Senegal,6110,Value US$,22008,Gross Domestic Product,2020,2020,million USD,24498.45182,X,Figure from international organizations,
MK,Macro Indicators,686,Senegal,6110,Value US$,22008,Gross Domestic Product,2021,2021,million USD,27625.16248,X,Figure from international organizations,
MK,Macro Indicators,686,Senegal,6110,Value US$,22010,Value Added (Agriculture),2016,2016,million USD,2386.477556,E,Estimated value,
MK,Macro Indicators,686,Senegal,6110,Value US$,22010,Value Added (Agriculture),2017,2017,million USD,2732.406023,E,Estimated value,
MK,Macro Indicators,686,Senegal,6110,Value US$,22010,Value Added (Agriculture),2018,2018,million USD,3007.706638,E,Estimated value,
MK,Macro Indicators,686,Senegal,6110,Value US$,22010,Value Added (Agriculture),2019,2019,million USD,3041.23145,E,Estimated value,
MK,Macro Indicators,686,Senegal,6110,Value US$,22010,Value Added (Agriculture),2020,2020,million USD,3556.599681,E,Estimated value,
MK,Macro Indicators,686,Senegal,6110,Value US$,22073,Gross Output (Agriculture),2016,2016,million USD,3054.847868,E,Estimated value,
MK,Macro Indicators,686,Senegal,6110,Value US$,22073,Gross Output (Agriculture),2017,2017,million USD,3510.26661,E,Estimated value,
MK,Macro Indicators,686,Senegal,6110,Value US$,22073,Gross Output (Agriculture),2018,2018,million USD,3856.951408,E,Estimated value,
MK,Macro Indicators,686,Senegal,6110,Value US$,22073,Gross Output (Agriculture),2019,2019,million USD,3876.238795,E,Estimated value,
MK,Macro Indicators,686,Senegal,6110,Value US$,22073,Gross Output (Agriculture),2020,2020,million USD,4531.211634,E,Estimated value,
MK,Macro Indicators,690,Seychelles,6110,Value US$,22008,Gross Domestic Product,2016,2016,million USD,1458.955611,X,Figure from international organizations,
MK,Macro Indicators,690,Seychelles,6110,Value US$,22008,Gross Domestic Product,2017,2017,million USD,1529.765696,X,Figure from international organizations,
MK,Macro Indicators,690,Seychelles,6110,Value US$,22008,Gross Domestic Product,2018,2018,million USD,1587.794893,X,Figure from international organizations,
MK,Macro Indicators,690,Seychelles,6110,Value US$,22008,Gross Domestic Product,2019,2019,million USD,1645.092904,X,Figure from international organizations,
MK,Macro Indicators,690,Seychelles,6110,Value US$,22008,Gross Domestic Product,2020,2020,million USD,1183.491488,X,Figure from international organizations,
MK,Macro Indicators,690,Seychelles,6110,Value US$,22008,Gross Domestic Product,2021,2021,million USD,1286.662389,X,Figure from international organizations,
MK,Macro Indicators,690,Seychelles,6110,Value US$,22010,Value Added (Agriculture),2016,2016,million USD,19.783581,E,Estimated value,
MK,Macro Indicators,690,Seychelles,6110,Value US$,22010,Value Added (Agriculture),2017,2017,million USD,26.17635,E,Estimated value,
MK,Macro Indicators,690,Seychelles,6110,Value US$,22010,Value Added (Agriculture),2018,2018,million USD,27.059957,E,Estimated value,
MK,Macro Indicators,690,Seychelles,6110,Value US$,22010,Value Added (Agriculture),2019,2019,million USD,26.647016999999998,E,Estimated value,
MK,Macro Indicators,694,Sierra Leone,6110,Value US$,22008,Gross Domestic Product,2016,2016,million USD,3862.721393,X,Figure from international organizations,
MK,Macro Indicators,694,Sierra Leone,6110,Value US$,22008,Gross Domestic Product,2017,2017,million USD,3739.051196,X,Figure from international organizations,
MK,Macro Indicators,694,Sierra Leone,6110,Value US$,22008,Gross Domestic Product,2018,2018,million USD,4085.114769,X,Figure from international organizations,
MK,Macro Indicators,694,Sierra Leone,6110,Value US$,22008,Gross Domestic Product,2019,2019,million USD,4076.578523,X,Figure from international organizations,
MK,Macro Indicators,694,Sierra Leone,6110,Value US$,22008,Gross Domestic Product,2020,2020,million USD,4062.906364,X,Figure from international organizations,
MK,Macro Indicators,694,Sierra Leone,6110,Value US$,22008,Gross Domestic Product,2021,2021,million USD,4249.234287,X,Figure from international organizations,
MK,Macro Indicators,706,Somalia,6110,Value US$,22008,Gross Domestic Product,2016,2016,million USD,5533.998919,X,Figure from international organizations,
MK,Macro Indicators,706,Somalia,6110,Value US$,22008,Gross Domestic Product,2017,2017,million USD,5609.009995,X,Figure from international organizations,
MK,Macro Indicators,706,Somalia,6110,Value US$,22008,Gross Domestic Product,2018,2018,million USD,5856.433389,X,Figure from international organizations,
MK,Macro Indicators,706,Somalia,6110,Value US$,22008,Gross Domestic Product,2019,2019,million USD,6484.875336,X,Figure from international organizations,
MK,Macro Indicators,706,Somalia,6110,Value US$,22008,Gross Domestic Product,2020,2020,million USD,6883.241661,X,Figure from international organizations,
MK,Macro Indicators,706,Somalia,6110,Value US$,22008,Gross Domestic Product,2021,2021,million USD,7628.276434,X,Figure from international organizations,
MK,Macro Indicators,710,South Africa,6110,Value US$,22008,Gross Domestic Product,2016,2016,million USD,323567.6716,X,Figure from international organizations,
MK,Macro Indicators,710,South Africa,6110,Value US$,22008,Gross Domestic Product,2017,2017,million USD,380851.4441,X,Figure from international organizations,
MK,Macro Indicators,710,South Africa,6110,Value US$,22008,Gross Domestic Product,2018,2018,million USD,403945.6863,X,Figure from international organizations,
MK,Macro Indicators,710,South Africa,6110,Value US$,22008,Gross Domestic Product,2019,2019,million USD,388531.2266,X,Figure from international organizations,
MK,Macro Indicators,710,South Africa,6110,Value US$,22008,Gross Domestic Product,2020,2020,million USD,337619.5696,X,Figure from international organizations,
MK,Macro Indicators,710,South Africa,6110,Value US$,22008,Gross Domestic Product,2021,2021,million USD,419015.6361,X,Figure from international organizations,
MK,Macro Indicators,728,South Sudan,6110,Value US$,22008,Gross Domestic Product,2016,2016,million USD,3276.386148,X,Figure from international organizations,
MK,Macro Indicators,728,South Sudan,6110,Value US$,22008,Gross Domestic Product,2017,2017,million USD,3571.364985,X,Figure from international organizations,
MK,Macro Indicators,728,South Sudan,6110,Value US$,22008,Gross Domestic Product,2018,2018,million USD,3797.75182,X,Figure from international organizations,
MK,Macro Indicators,728,South Sudan,6110,Value US$,22008,Gross Domestic Product,2019,2019,million USD,4305.830329,X,Figure from international organizations,
MK,Macro Indicators,728,South Sudan,6110,Value US$,22008,Gross Domestic Product,2020,2020,million USD,4215.524494,X,Figure from international organizations,
MK,Macro Indicators,728,South Sudan,6110,Value US$,22008,Gross Domestic Product,2021,2021,million USD,4304.069241,X,Figure from international organizations,
MK,Macro Indicators,768,Togo,6110,Value US$,22008,Gross Domestic Product,2016,2016,million USD,6071.167584,X,Figure from international organizations,
MK,Macro Indicators,768,Togo,6110,Value US$,22008,Gross Domestic Product,2017,2017,million USD,6387.424244,X,Figure from international organizations,
MK,Macro Indicators,768,Togo,6110,Value US$,22008,Gross Domestic Product,2018,2018,million USD,7029.215761,X,Figure from international organizations,
MK,Macro Indicators,768,Togo,6110,Value US$,22008,Gross Domestic Product,2019,2019,million USD,6992.654017,X,Figure from international organizations,
MK,Macro Indicators,768,Togo,6110,Value US$,22008,Gross Domestic Product,2020,2020,million USD,7335.7209,X,Figure from international organizations,
MK,Macro Indicators,768,Togo,6110,Value US$,22008,Gross Domestic Product,2021,2021,million USD,8160.194303,X,Figure from international organizations,
MK,Macro Indicators,800,Uganda,6110,Value US$,22008,Gross Domestic Product,2016,2016,million USD,30479.36353,X,Figure from international organizations,
MK,Macro Indicators,800,Uganda,6110,Value US$,22008,Gross Domestic Product,2017,2017,million USD,31593.34937,X,Figure from international organizations,
MK,Macro Indicators,800,Uganda,6110,Value US$,22008,Gross Domestic Product,2018,2018,million USD,34075.61575,X,Figure from international organizations,
MK,Macro Indicators,800,Uganda,6110,Value US$,22008,Gross Domestic Product,2019,2019,million USD,37774.75276,X,Figure from international organizations,
MK,Macro Indicators,800,Uganda,6110,Value US$,22008,Gross Domestic Product,2020,2020,million USD,38060.79183,X,Figure from international organizations,
MK,Macro Indicators,800,Uganda,6110,Value US$,22008,Gross Domestic Product,2021,2021,million USD,42661.08776,X,Figure from international organizations,
MK,Macro Indicators,800,Uganda,6110,Value US$,22010,Value Added (Agriculture),2016,2016,million USD,5501.319888,E,Estimated value,
MK,Macro Indicators,800,Uganda,6110,Value US$,22010,Value Added (Agriculture),2017,2017,million USD,5530.871104,E,Estimated value,
MK,Macro Indicators,800,Uganda,6110,Value US$,22010,Value Added (Agriculture),2018,2018,million USD,5882.488368,E,Estimated value,
MK,Macro Indicators,800,Uganda,6110,Value US$,22010,Value Added (Agriculture),2019,2019,million USD,6498.908142,E,Estimated value,
MK,Macro Indicators,800,Uganda,6110,Value US$,22010,Value Added (Agriculture),2020,2020,million USD,6868.358544,E,Estimated value,
MK,Macro Indicators,800,Uganda,6110,Value US$,22010,Value Added (Agriculture),2021,2021,million USD,7440.73316,E,Estimated value,
MK,Macro Indicators,800,Uganda,6110,Value US$,22073,Gross Output (Agriculture),2016,2016,million USD,6277.43923,E,Estimated value,
MK,Macro Indicators,800,Uganda,6110,Value US$,22073,Gross Output (Agriculture),2017,2017,million USD,6227.961321,E,Estimated value,
MK,Macro Indicators,800,Uganda,6110,Value US$,22073,Gross Output (Agriculture),2018,2018,million USD,6645.263772,E,Estimated value,
MK,Macro Indicators,800,Uganda,6110,Value US$,22073,Gross Output (Agriculture),2019,2019,million USD,7329.589053,E,Estimated value,
MK,Macro Indicators,800,Uganda,6110,Value US$,22073,Gross Output (Agriculture),2020,2020,million USD,7738.265682,E,Estimated value,
MK,Macro Indicators,800,Uganda,6110,Value US$,22073,Gross Output (Agriculture),2021,2021,million USD,8333.160907,E,Estimated value,
MK,Macro Indicators,834,United Republic of Tanzania,6110,Value US$,22008,Gross Domestic Product,2016,2016,million USD,51035.87394,X,Figure from international organizations,
MK,Macro Indicators,834,United Republic of Tanzania,6110,Value US$,22008,Gross Domestic Product,2017,2017,million USD,54726.7788,X,Figure from international organizations,
MK,Macro Indicators,834,United Republic of Tanzania,6110,Value US$,22008,Gross Domestic Product,2018,2018,million USD,58652.72426,X,Figure from international organizations,
MK,Macro Indicators,834,United Republic of Tanzania,6110,Value US$,22008,Gross Domestic Product,2019,2019,million USD,62834.12991,X,Figure from international organizations,
MK,Macro Indicators,834,United Republic of Tanzania,6110,Value US$,22008,Gross Domestic Product,2020,2020,million USD,67726.84601,X,Figure from international organizations,
MK,Macro Indicators,834,United Republic of Tanzania,6110,Value US$,22008,Gross Domestic Product,2021,2021,million USD,72377.29473,X,Figure from international organizations,
MK,Macro Indicators,834,United Republic of Tanzania,6110,Value US$,22010,Value Added (Agriculture),2016,2016,million USD,11093.15194,E,Estimated value,
MK,Macro Indicators,834,United Republic of Tanzania,6110,Value US$,22010,Value Added (Agriculture),2017,2017,million USD,12373.04252,E,Estimated value,
MK,Macro Indicators,834,United Republic of Tanzania,6110,Value US$,22010,Value Added (Agriculture),2018,2018,million USD,11256.75559,E,Estimated value,
MK,Macro Indicators,834,United Republic of Tanzania,6110,Value US$,22010,Value Added (Agriculture),2019,2019,million USD,11922.08055,E,Estimated value,
MK,Macro Indicators,834,United Republic of Tanzania,6110,Value US$,22010,Value Added (Agriculture),2020,2020,million USD,13609.36814,E,Estimated value,
MK,Macro Indicators,834,United Republic of Tanzania,6110,Value US$,22073,Gross Output (Agriculture),2016,2016,million USD,13240.41809,E,Estimated value,
MK,Macro Indicators,834,United Republic of Tanzania,6110,Value US$,22073,Gross Output (Agriculture),2017,2017,million USD,14993.03777,E,Estimated value,
MK,Macro Indicators,834,United Republic of Tanzania,6110,Value US$,22073,Gross Output (Agriculture),2018,2018,million USD,13023.09507,E,Estimated value,
MK,Macro Indicators,834,United Republic of Tanzania,6110,Value US$,22073,Gross Output (Agriculture),2019,2019,million USD,13620.05623,E,Estimated value,
MK,Macro Indicators,834,United Republic of Tanzania,6110,Value US$,22073,Gross Output (Agriculture),2020,2020,million USD,15495.50006,E,Estimated value,
MK,Macro Indicators,894,Zambia,6110,Value US$,22008,Gross Domestic Product,2016,2016,million USD,21452.61884,X,Figure from international organizations,
MK,Macro Indicators,894,Zambia,6110,Value US$,22008,Gross Domestic Product,2017,2017,million USD,25868.16149,X,Figure from international organizations,
MK,Macro Indicators,894,Zambia,6110,Value US$,22008,Gross Domestic Product,2018,2018,million USD,26311.98474,X,Figure from international organizations,
MK,Macro Indicators,894,Zambia,6110,Value US$,22008,Gross Domestic Product,2019,2019,million USD,23310.36224,X,Figure from international organizations,
MK,Macro Indicators,894,Zambia,6110,Value US$,22008,Gross Domestic Product,2020,2020,million USD,18110.63862,X,Figure from international organizations,
MK,Macro Indicators,894,Zambia,6110,Value US$,22008,Gross Domestic Product,2021,2021,million USD,21313.36673,X,Figure from international organizations,
MK,Macro Indicators,894,Zambia,6110,Value US$,22010,Value Added (Agriculture),2016,2016,million USD,1072.601852,E,Estimated value,
MK,Macro Indicators,894,Zambia,6110,Value US$,22010,Value Added (Agriculture),2017,2017,million USD,732.748459,E,Estimated value,
MK,Macro Indicators,894,Zambia,6110,Value US$,22010,Value Added (Agriculture),2018,2018,million USD,631.409734,E,Estimated value,
MK,Macro Indicators,894,Zambia,6110,Value US$,22010,Value Added (Agriculture),2019,2019,million USD,405.888772,E,Estimated value,
MK,Macro Indicators,894,Zambia,6110,Value US$,22010,Value Added (Agriculture),2020,2020,million USD,346.820325,E,Estimated value,
MK,Macro Indicators,894,Zambia,6110,Value US$,22073,Gross Output (Agriculture),2016,2016,million USD,1845.942184,E,Estimated value,
MK,Macro Indicators,894,Zambia,6110,Value US$,22073,Gross Output (Agriculture),2017,2017,million USD,1350.658972,E,Estimated value,
MK,Macro Indicators,894,Zambia,6110,Value US$,22073,Gross Output (Agriculture),2018,2018,million USD,1357.286824,E,Estimated value,
MK,Macro Indicators,894,Zambia,6110,Value US$,22073,Gross Output (Agriculture),2019,2019,million USD,973.651418,E,Estimated value,
MK,Macro Indicators,894,Zambia,6110,Value US$,22073,Gross Output (Agriculture),2020,2020,million USD,1070.874697,E,Estimated value,
MK,Macro Indicators,716,Zimbabwe,6110,Value US$,22008,Gross Domestic Product,2016,2016,million USD,20548.67807,X,Figure from international organizations,
MK,Macro Indicators,716,Zimbabwe,6110,Value US$,22008,Gross Domestic Product,2017,2017,million USD,22040.6547,X,Figure from international organizations,
MK,Macro Indicators,716,Zimbabwe,6110,Value US$,22008,Gross Domestic Product,2018,2018,million USD,23645.26555,X,Figure from international organizations,
MK,Macro Indicators,716,Zimbabwe,6110,Value US$,22008,Gross Domestic Product,2019,2019,million USD,22594.52038,X,Figure from international organizations,
MK,Macro Indicators,716,Zimbabwe,6110,Value US$,22008,Gross Domestic Product,2020,2020,million USD,21664.74586,X,Figure from international organizations,
MK,Macro Indicators,716,Zimbabwe,6110,Value US$,22008,Gross Domestic Product,2021,2021,million USD,24118.15086,X,Figure from international organizations,
